City_ID,City,Country,Date,Lat,Lng,Max Temp,Humidity,Cloudiness,Wind Speed
0,Tasiilaq,GL,2021-01-22 01:30:53,65.6145,-37.6368,12.2,73,20,2.3
1,New Norfolk,AU,2021-01-22 01:30:55,-42.7826,147.0587,75.0,44,97,4.0
2,Puerto Escondido,MX,2021-01-22 01:38:56,15.85,-97.0667,78.8,73,20,3.42
3,Bredasdorp,ZA,2021-01-22 01:31:06,-34.5322,20.0403,68.0,88,21,3.44
4,Northam,GB,2021-01-22 01:32:01,51.0333,-4.2167,42.01,86,93,5.01
5,Zaragoza,ES,2021-01-22 01:38:24,41.6561,-0.8773,55.4,67,75,3.44
6,Vaini,TO,2021-01-22 01:31:09,-21.2,-175.2,86.0,79,75,14.97
7,Saint George,US,2021-01-22 01:30:29,37.1041,-113.5841,57.2,38,1,4.61
8,Vaitape,PF,2021-01-22 01:38:57,-16.5167,-151.75,81.57,72,2,17.72
9,Nola,IT,2021-01-22 01:38:57,40.922,14.5329,57.0,80,73,6.31
10,Severo-Kurilsk,RU,2021-01-22 01:30:55,50.6789,156.125,21.49,90,60,3.91
11,Hermanus,ZA,2021-01-22 01:30:53,-34.4187,19.2345,69.01,77,0,9.62
12,Busselton,AU,2021-01-22 01:31:02,-33.65,115.3333,81.0,51,0,3.0
13,Clyde River,CA,2021-01-22 01:32:06,70.4692,-68.5914,-2.2,84,1,2.3
14,Lerwick,GB,2021-01-22 01:31:40,60.1545,-1.1494,41.0,81,75,20.71
15,Pitimbu,BR,2021-01-22 01:36:11,-7.4706,-34.8086,77.0,88,20,5.75
16,Albany,US,2021-01-22 01:30:03,42.6001,-73.9662,33.01,57,23,5.48
17,Korla,CN,2021-01-22 01:31:35,41.7597,86.1469,19.74,85,100,0.54
18,Bubaque,GW,2021-01-22 01:38:58,11.2833,-15.8333,77.72,67,100,9.71
19,Porto Novo,BJ,2021-01-22 01:38:58,6.4965,2.6036,80.6,89,20,5.75
20,Tuatapere,NZ,2021-01-22 01:31:00,-46.1333,167.6833,62.01,75,68,15.99
21,Avarua,CK,2021-01-22 01:30:59,-21.2078,-159.775,86.0,70,66,8.05
22,Hamilton,US,2021-01-22 01:36:12,39.1834,-84.5333,42.8,45,1,8.05
23,Seoul,KR,2021-01-22 01:29:49,37.5683,126.9778,42.8,93,90,4.61
24,Coihaique,CL,2021-01-22 01:31:18,-45.5752,-72.0662,60.8,59,0,4.61
25,Bluff,NZ,2021-01-22 01:30:57,-46.6,168.3333,62.01,75,81,15.99
26,Saskylakh,RU,2021-01-22 01:31:19,71.9167,114.0833,-17.52,87,100,10.76
27,Mataura,NZ,2021-01-22 01:30:53,-46.1927,168.8643,62.01,75,90,15.99
28,Ushuaia,AR,2021-01-22 01:30:52,-54.8,-68.3,50.0,57,40,5.75
29,Alta Floresta,BR,2021-01-22 01:39:00,-9.8756,-56.0861,70.23,97,100,3.09
30,Lompoc,US,2021-01-22 01:27:07,34.6391,-120.4579,57.99,72,0,10.36
31,Kamaishi,JP,2021-01-22 01:39:00,39.2667,141.8833,35.6,87,75,4.61
32,Karakol,KG,2021-01-22 01:39:00,42.4907,78.3936,24.33,79,100,2.93
33,Creel,MX,2021-01-22 01:39:00,27.75,-107.6333,44.53,94,89,19.82
34,Araouane,ML,2021-01-22 01:39:00,18.9048,-3.5265,61.81,24,24,12.75
35,Butaritari,KI,2021-01-22 01:30:55,3.0707,172.7902,79.99,80,43,13.87
36,Klaksvik,FO,2021-01-22 01:31:16,62.2266,-6.589,35.6,69,75,24.16
37,Yellowknife,CA,2021-01-22 01:26:43,62.456,-114.3525,-14.8,76,75,4.61
38,Rikitea,PF,2021-01-22 01:30:51,-23.1203,-134.9692,79.12,71,3,14.09
39,Kapaa,US,2021-01-22 01:30:53,22.0752,-159.319,78.8,69,40,16.11
40,Buala,SB,2021-01-22 01:31:07,-8.145,159.5921,86.04,54,100,8.61
41,Castro,BR,2021-01-22 01:31:07,-24.7911,-50.0119,64.09,98,100,6.78
42,Pavagada,IN,2021-01-22 01:39:02,14.1,77.2667,69.49,80,0,3.67
43,Whitehorse,CA,2021-01-22 01:38:43,60.7161,-135.0538,10.4,85,20,10.36
44,Nikolskoye,RU,2021-01-22 01:31:05,59.7035,30.7861,16.0,86,90,13.42
45,Anadyr,RU,2021-01-22 01:39:02,64.75,177.4833,3.2,78,75,11.18
46,East London,ZA,2021-01-22 01:31:35,-33.0153,27.9116,71.98,84,0,13.62
47,Yatou,CN,2021-01-22 01:39:02,37.15,122.3833,37.49,80,100,10.47
48,Vicksburg,US,2021-01-22 01:35:39,32.3526,-90.8779,55.4,100,90,2.62
49,Bambous Virieux,MU,2021-01-22 01:31:10,-20.3428,57.7575,78.8,78,40,5.75
50,Vestmannaeyjar,IS,2021-01-22 01:32:07,63.4427,-20.2734,29.82,89,50,24.61
51,Ostrovnoy,RU,2021-01-22 01:31:30,68.0531,39.5131,1.29,91,99,8.41
52,Kenora,CA,2021-01-22 01:34:54,49.8167,-94.4337,-5.01,77,20,6.91
53,Punta Arenas,CL,2021-01-22 01:28:28,-53.15,-70.9167,46.4,76,75,24.16
54,Qaanaaq,GL,2021-01-22 01:30:57,77.484,-69.3632,11.16,91,85,2.21
55,Okha,RU,2021-01-22 01:39:03,53.5739,142.9478,-1.46,91,100,16.33
56,Saint-Philippe,RE,2021-01-22 01:31:26,-21.3585,55.7679,80.6,74,0,5.75
57,Lucapa,AO,2021-01-22 01:39:04,-8.4192,20.7447,65.71,98,100,2.28
58,Naberera,TZ,2021-01-22 01:39:04,-4.2,36.9333,61.63,95,100,4.29
59,Charlestown,AU,2021-01-22 01:39:04,-32.95,151.6667,89.01,48,20,9.22
60,Pisco,PE,2021-01-22 01:31:32,-13.7,-76.2167,71.6,78,0,18.41
61,Khatanga,RU,2021-01-22 01:30:59,71.9667,102.5,-35.21,82,76,3.4
62,Lebu,CL,2021-01-22 01:30:57,-37.6167,-73.65,61.54,80,0,18.41
63,Esperance,AU,2021-01-22 01:31:18,-33.8667,121.9,75.2,57,0,11.5
64,Ures,MX,2021-01-22 01:39:04,29.4333,-110.4,60.01,75,0,1.99
65,Salisbury,GB,2021-01-22 01:37:59,51.0693,-1.7957,35.6,93,0,9.22
66,Hobart,AU,2021-01-22 01:30:03,-42.8794,147.3294,75.0,35,75,20.71
67,San Quintin,MX,2021-01-22 01:31:31,30.4833,-115.95,59.63,79,15,0.83
68,Codrington,AU,2021-01-22 01:31:45,-38.2667,141.9667,69.96,50,89,11.56
69,Belaya Gora,RU,2021-01-22 01:39:05,68.5333,146.4167,-45.94,78,46,1.88
70,Calatayud,ES,2021-01-22 01:39:05,41.3535,-1.6432,55.4,71,90,10.36
71,Cabo Rojo,PR,2021-01-22 01:39:05,18.0866,-67.1457,75.99,97,63,1.01
72,Iqaluit,CA,2021-01-22 01:32:06,63.7506,-68.5145,30.2,74,75,19.57
73,Puerto Ayora,EC,2021-01-22 01:30:52,-0.7393,-90.3518,77.0,92,93,4.0
74,Cabrera,DO,2021-01-22 01:39:06,19.6426,-69.9049,72.0,87,30,6.85
75,Dikson,RU,2021-01-22 01:30:51,73.5069,80.5464,-26.34,82,3,5.12
76,Airai,TL,2021-01-22 01:31:14,-8.9266,125.4092,74.28,75,31,3.31
77,Haines Junction,CA,2021-01-22 01:31:41,60.7522,-137.5108,-5.8,77,8,1.14
78,Barrow,US,2021-01-22 01:31:15,71.2906,-156.7887,-0.4,78,90,29.93
79,Georgetown,MY,2021-01-22 01:27:50,5.4112,100.3354,80.01,78,20,3.44
80,Horki,BY,2021-01-22 01:39:06,54.2861,30.9842,25.23,98,74,10.18
81,Tuktoyaktuk,CA,2021-01-22 01:30:56,69.4541,-133.0374,-9.4,84,75,16.11
82,Geraldton,AU,2021-01-22 01:31:17,-28.7667,114.6,84.2,45,0,3.44
83,Talnakh,RU,2021-01-22 01:31:46,69.4865,88.3972,-40.63,77,6,2.71
84,The Pas,CA,2021-01-22 01:39:07,53.8251,-101.2541,5.0,78,90,4.61
85,Pedernales,DO,2021-01-22 01:39:07,18.0384,-71.744,75.97,71,42,3.02
86,Inhambane,MZ,2021-01-22 01:31:10,-23.865,35.3833,74.35,81,60,10.4
87,Vostok,RU,2021-01-22 01:31:19,46.4856,135.8833,1.47,84,0,4.79
88,Rivers,CA,2021-01-22 01:39:07,50.0308,-100.2403,6.8,72,75,13.8
89,Segovia,ES,2021-01-22 01:39:08,41.1667,-4.0,48.0,96,90,12.75
90,Buin,CL,2021-01-22 01:39:08,-33.7333,-70.75,69.8,64,0,11.5
91,Upernavik,GL,2021-01-22 01:30:55,72.7868,-56.1549,25.77,98,100,9.91
92,Svetlogorsk,BY,2021-01-22 01:39:08,52.6333,29.7333,33.89,92,99,10.63
93,Cape Town,ZA,2021-01-22 01:26:29,-33.9258,18.4232,66.0,82,0,3.44
94,La Ronge,CA,2021-01-22 01:35:33,55.1001,-105.2842,10.4,72,100,12.66
95,Capao Da Canoa,BR,2021-01-22 01:37:30,-29.7456,-50.0097,73.35,83,100,9.62
96,Bayburt,TR,2021-01-22 01:34:34,40.2589,40.2278,-0.94,77,5,1.83
97,Verkhnyaya Inta,RU,2021-01-22 01:39:09,65.9811,60.3094,-16.46,83,83,5.41
98,Kilmallock,IE,2021-01-22 01:39:09,52.4,-8.5772,35.6,93,40,4.61
99,Saint Anthony,US,2021-01-22 01:32:13,45.0205,-93.218,17.6,57,1,14.97
100,Stantsionno-Oyashinskiy,RU,2021-01-22 01:39:09,55.4664,83.8245,5.43,95,100,6.91
101,Qasigiannguit,GL,2021-01-22 01:39:09,68.8193,-51.1922,19.4,49,20,3.44
102,Jamestown,US,2021-01-22 01:26:35,42.097,-79.2353,35.01,75,90,19.57
103,Hilo,US,2021-01-22 01:30:03,19.7297,-155.09,71.6,78,90,4.61
104,Santa Cecilia,BR,2021-01-22 01:35:01,-26.9608,-50.4269,59.49,100,100,6.44
105,Saldanha,ZA,2021-01-22 01:31:44,-33.0117,17.9442,69.8,68,0,8.05
106,Nanortalik,GL,2021-01-22 01:31:02,60.1432,-45.2371,23.23,88,0,4.43
107,Torbay,CA,2021-01-22 01:31:12,47.6666,-52.7314,30.99,100,90,23.02
108,Port Lincoln,AU,2021-01-22 01:31:47,-34.7333,135.8667,75.34,38,0,8.41
109,Sao Jose Do Calcado,BR,2021-01-22 01:39:10,-21.0253,-41.6544,67.71,93,11,2.46
110,Port Elizabeth,ZA,2021-01-22 01:27:29,-33.918,25.5701,69.8,94,90,6.91
111,Sakti,IN,2021-01-22 01:39:10,22.0333,82.9667,58.23,38,21,2.73
112,Cururupu,BR,2021-01-22 01:39:10,-1.8283,-44.8683,77.56,83,100,4.68
113,Carnarvon,AU,2021-01-22 01:30:57,-24.8667,113.6333,82.4,78,90,12.66
114,Yamada,JP,2021-01-22 01:39:11,39.4667,141.95,42.6,80,100,5.26
115,Faya,SA,2021-01-22 01:39:11,18.3851,42.4509,50.0,40,0,5.82
116,Constitucion,CL,2021-01-22 01:31:31,-35.3333,-72.4167,57.83,90,12,1.43
117,Buraydah,SA,2021-01-22 01:39:11,26.326,43.975,39.2,75,0,3.44
118,Den Helder,NL,2021-01-22 01:39:11,52.9599,4.7593,43.0,75,75,13.8
119,Cidreira,BR,2021-01-22 01:31:12,-30.1811,-50.2056,74.23,85,99,18.52
120,Russell,US,2021-01-22 01:39:12,32.3502,-85.1999,57.99,100,90,8.05
121,Hasaki,JP,2021-01-22 01:31:19,35.7333,140.8333,50.0,53,20,3.44
122,Ngaoundere,CM,2021-01-22 01:39:12,7.3167,13.5833,61.11,30,77,4.92
123,Hofn,IS,2021-01-22 01:32:09,64.2539,-15.2082,27.99,89,0,23.29
124,Turukhansk,RU,2021-01-22 01:39:12,65.8167,87.9833,-42.39,74,0,8.14
125,Cap Malheureux,MU,2021-01-22 01:32:13,-19.9842,57.6142,77.0,81,29,3.0
126,Rio Grande,BR,2021-01-22 01:37:39,-32.035,-52.0986,72.0,79,73,1.99
127,Eureka,US,2021-01-22 01:30:52,40.8021,-124.1637,52.0,80,0,1.01
128,Port Alfred,ZA,2021-01-22 01:30:56,-33.5906,26.891,64.99,95,0,8.88
129,Bolshaya Rechka,RU,2021-01-22 01:39:13,51.9503,104.7355,5.0,85,0,8.95
130,Luderitz,NA,2021-01-22 01:31:21,-26.6481,15.1594,69.21,67,13,13.51
131,Rawson,AR,2021-01-22 01:28:40,-43.3002,-65.1023,75.96,46,0,12.37
132,Roma,US,2021-01-22 01:39:13,43.2128,-75.4557,36.0,64,90,5.75
133,Mandalgovi,MN,2021-01-22 01:39:13,45.7625,106.2708,10.45,86,0,5.93
134,Grand Gaube,MU,2021-01-22 01:31:12,-20.0064,57.6608,77.0,81,25,3.0
135,Kaitangata,NZ,2021-01-22 01:30:56,-46.2817,169.8464,64.99,53,62,18.01
136,Mecca,SA,2021-01-22 01:39:14,21.4267,39.8261,70.72,31,0,9.62
137,Ponta Delgada,PT,2021-01-22 01:39:14,37.7333,-25.6667,55.99,82,20,6.91
138,Saint-Pierre,RE,2021-01-22 01:32:15,-21.3393,55.4781,80.6,74,0,5.75
139,Leningradskiy,RU,2021-01-22 01:31:47,69.3833,178.4167,-13.22,87,100,10.2
140,Avon,US,2021-01-22 01:39:14,41.4517,-82.0354,37.99,65,40,13.8
141,Ocampo,MX,2021-01-22 01:39:15,21.65,-101.5,59.59,44,0,9.24
142,Dukat,RU,2021-01-22 01:39:15,62.55,155.55,-23.42,79,1,3.31
143,Malmedy,BE,2021-01-22 01:39:15,50.4269,6.0279,48.99,86,100,15.01
144,Hithadhoo,MV,2021-01-22 01:30:56,-0.6,73.0833,81.97,73,38,8.55
145,Sao Filipe,CV,2021-01-22 01:31:53,14.8961,-24.4956,72.84,71,100,8.66
146,High Prairie,CA,2021-01-22 01:39:15,55.4334,-116.4858,23.0,80,85,4.61
147,Kainantu,PG,2021-01-22 01:39:15,-6.2887,145.8655,75.36,66,100,3.29
148,Balikpapan,ID,2021-01-22 01:31:12,-1.2675,116.8289,75.2,94,40,4.61
149,Isangel,VU,2021-01-22 01:31:19,-19.55,169.2667,80.6,89,90,11.34
150,Kousseri,CM,2021-01-22 01:39:16,12.0769,15.0306,64.4,27,61,8.05
151,Tursunzoda,TJ,2021-01-22 01:39:16,38.5144,68.2333,26.6,100,90,13.42
152,Komsomolskiy,UZ,2021-01-22 01:39:16,40.4272,71.7189,35.6,64,75,39.12
153,Axim,GH,2021-01-22 01:39:16,4.8699,-2.2405,78.03,88,97,5.19
154,Sungaipenuh,ID,2021-01-22 01:39:16,-2.0833,101.3833,72.97,62,100,2.93
155,Chapais,CA,2021-01-22 01:39:16,49.7834,-74.8492,5.0,78,90,10.36
156,Gornyy,RU,2021-01-22 01:39:16,55.1153,83.9059,6.42,95,100,7.85
157,Uvalde,US,2021-01-22 01:39:16,29.3669,-99.767,59.0,88,1,3.44
158,Dauriya,RU,2021-01-22 01:39:17,49.9333,116.8667,-1.97,86,4,3.11
159,Saint-Leu,RE,2021-01-22 01:32:01,-21.15,55.2833,80.6,74,0,5.75
160,Vardo,NO,2021-01-22 01:31:52,70.3705,31.1107,22.37,95,100,22.44
161,Zhigansk,RU,2021-01-22 01:31:45,66.7697,123.3711,-38.99,80,100,5.95
162,Suoyarvi,RU,2021-01-22 01:39:17,62.0833,32.35,10.26,95,100,13.98
163,Jalu,LY,2021-01-22 01:31:20,29.0331,21.5482,44.29,60,0,7.56
164,Mogadishu,SO,2021-01-22 01:31:41,2.0371,45.3438,77.27,86,2,15.28
165,Brae,GB,2021-01-22 01:31:43,60.3964,-1.353,41.0,81,75,20.71
166,Toora-Khem,RU,2021-01-22 01:39:17,52.4675,96.11,2.98,91,86,1.77
167,Flinders,AU,2021-01-22 01:30:59,-34.5833,150.8552,86.0,60,7,3.0
168,Depok,ID,2021-01-22 01:39:18,-6.4,106.8186,86.0,78,40,5.75
169,Mar Del Plata,AR,2021-01-22 01:28:20,-38.0023,-57.5575,72.0,94,0,4.61
170,Ribeira Grande,PT,2021-01-22 01:31:08,38.5167,-28.7,59.65,71,100,8.5
171,Atuona,PF,2021-01-22 01:31:08,-9.8,-139.0333,78.57,77,84,14.0
172,Deputatskiy,RU,2021-01-22 01:39:18,69.3,139.9,-30.66,85,100,3.24
173,Dawei,MM,2021-01-22 01:39:19,14.0833,98.2,75.54,59,0,1.83
174,Homer,US,2021-01-22 01:35:15,59.6425,-151.5483,41.0,75,90,8.05
175,Kodiak,US,2021-01-22 01:30:55,57.79,-152.4072,41.0,87,90,14.97
176,Nemuro,JP,2021-01-22 01:31:57,43.3236,145.575,26.6,74,20,1.14
177,Mehamn,NO,2021-01-22 01:39:19,71.0357,27.8492,20.88,94,100,24.4
178,Mbandaka,CD,2021-01-22 01:39:19,0.0487,18.2603,74.7,70,21,3.09
179,Dubbo,AU,2021-01-22 01:36:50,-32.25,148.6167,87.8,35,0,11.5
180,Sakaiminato,JP,2021-01-22 01:39:20,35.55,133.2333,46.4,93,75,1.14
181,Kerouane,GN,2021-01-22 01:39:20,9.2667,-9.0167,67.06,26,82,1.28
182,Birao,CF,2021-01-22 01:39:20,10.2849,22.7882,64.11,27,67,9.17
183,Nizhniy Bestyakh,RU,2021-01-22 01:39:20,61.9594,129.9086,-58.0,51,90,2.55
184,Grafton,US,2021-01-22 01:39:20,42.207,-71.6856,27.0,68,90,9.22
185,Te Anau,NZ,2021-01-22 01:35:26,-45.4167,167.7167,63.3,55,41,7.81
186,Mattru,SL,2021-01-22 01:35:32,7.6244,-11.8332,73.81,92,7,1.72
187,Ancud,CL,2021-01-22 01:31:36,-41.8697,-73.8203,64.4,82,0,2.3
188,Adrar,MR,2021-01-22 01:31:57,20.5022,-10.0711,61.05,26,65,11.77
189,Mahebourg,MU,2021-01-22 01:30:59,-20.4081,57.7,78.8,78,40,5.75
190,Diapaga,BF,2021-01-22 01:39:21,12.0708,1.7889,68.04,22,1,9.73
191,Tiksi,RU,2021-01-22 01:31:29,71.6872,128.8694,-32.55,82,100,18.16
192,Teguldet,RU,2021-01-22 01:30:58,57.3064,88.1667,3.09,94,100,1.86
193,Lagoa,PT,2021-01-22 01:31:00,39.05,-27.9833,58.6,72,100,10.4
194,Mapiripan,CO,2021-01-22 01:39:21,2.8892,-72.1256,74.25,84,78,4.27
195,Sibu,MY,2021-01-22 01:39:22,2.3,111.8167,77.0,94,20,3.44
196,San Juan De La Maguana,DO,2021-01-22 01:39:22,18.8059,-71.2299,55.99,1,96,1.21
197,Nobeoka,JP,2021-01-22 01:39:22,32.5833,131.6667,59.0,74,5,3.0
198,Krivosheino,RU,2021-01-22 01:39:22,57.3431,83.9261,-0.99,93,100,3.38
199,Xining,CN,2021-01-22 01:39:22,36.6167,101.7667,24.48,66,100,3.15
200,Bhuj,IN,2021-01-22 01:39:22,23.2667,69.6667,58.68,89,0,4.83
201,Chokurdakh,RU,2021-01-22 01:31:29,70.6333,147.9167,-41.69,81,42,5.99
202,Nelson Bay,AU,2021-01-22 01:31:39,-32.7167,152.15,89.01,48,20,9.22
203,Paka,MY,2021-01-22 01:39:23,4.6374,103.4368,77.0,88,40,3.44
204,Santa Cruz,BO,2021-01-22 01:39:23,-17.8,-63.1667,78.8,65,75,3.44
205,Jumla,NP,2021-01-22 01:39:23,29.2747,82.1838,42.69,37,0,4.54
206,Nome,US,2021-01-22 01:39:23,64.5011,-165.4064,28.4,86,1,11.5
207,Alice,US,2021-01-22 01:39:23,27.7523,-98.0697,64.4,94,90,3.44
208,Mortka,RU,2021-01-22 01:39:23,59.3322,66.0214,-13.67,89,100,6.02
209,Sabang,ID,2021-01-22 01:39:23,5.8933,95.3214,79.66,65,40,7.2
210,Sitka,US,2021-01-22 01:31:18,57.0531,-135.33,39.2,70,90,10.36
211,Limon,CR,2021-01-22 01:39:24,10.0,-83.0333,75.2,94,75,2.3
212,Kindu,CD,2021-01-22 01:39:24,-2.95,25.95,68.85,96,100,3.42
213,Kiunga,PG,2021-01-22 01:31:51,-6.1219,141.2906,94.53,48,92,1.07
214,Santiago,CL,2021-01-22 01:37:36,-33.4569,-70.6483,69.8,64,0,11.5
215,Ponta Do Sol,PT,2021-01-22 01:31:06,32.6667,-17.1,61.0,83,64,1.99
216,Faanui,PF,2021-01-22 01:31:32,-16.4833,-151.75,81.59,72,7,17.63
217,Honningsvag,NO,2021-01-22 01:31:33,70.9821,25.9704,23.47,90,100,32.39
218,Nha Trang,VN,2021-01-22 01:39:24,12.25,109.1833,78.8,65,20,5.75
219,Port-Gentil,GA,2021-01-22 01:31:14,-0.7193,8.7815,80.74,77,100,6.4
220,Havoysund,NO,2021-01-22 01:35:25,70.9963,24.6622,14.0,67,0,13.8
221,Aksarka,RU,2021-01-22 01:31:47,66.5606,67.7975,-40.99,80,45,9.75
222,Kanigiri,IN,2021-01-22 01:39:25,15.4,79.5167,72.52,91,1,1.92
223,Coruripe,BR,2021-01-22 01:39:25,-10.1256,-36.1756,76.64,79,100,8.66
224,Provideniya,RU,2021-01-22 01:31:10,64.3833,-173.3,26.6,93,90,15.66
225,San Patricio,US,2021-01-22 01:31:03,28.017,-97.5169,64.4,100,90,3.44
226,Kahului,US,2021-01-22 01:29:42,20.8947,-156.47,80.6,57,40,19.57
227,Bullhead City,US,2021-01-22 01:39:26,35.1478,-114.5683,69.8,78,1,4.61
228,Batticaloa,LK,2021-01-22 01:39:26,7.7102,81.6924,78.96,79,98,1.5
229,Aguimes,ES,2021-01-22 01:31:52,27.9054,-15.4461,66.2,82,75,13.8
230,Tilichiki,RU,2021-01-22 01:31:08,60.4667,166.1,-3.57,93,100,8.75
231,Zion,US,2021-01-22 01:39:26,42.4461,-87.8328,33.8,60,75,9.22
232,Mersing,MY,2021-01-22 01:39:26,2.4312,103.8405,77.0,88,40,2.3
233,Fortuna,US,2021-01-22 01:31:34,40.5982,-124.1573,52.0,87,75,5.77
234,Norman Wells,CA,2021-01-22 01:31:21,65.282,-126.8329,5.0,85,90,2.3
235,Simoes,BR,2021-01-22 01:39:27,-7.5989,-40.8178,75.18,59,100,6.76
236,Namibe,AO,2021-01-22 01:31:46,-15.1961,12.1522,72.91,75,100,7.49
237,Yining,CN,2021-01-22 01:39:27,29.0361,114.5636,52.74,85,98,1.74
238,Gat,IL,2021-01-22 01:29:01,31.61,34.7642,46.99,73,0,4.54
239,Necochea,AR,2021-01-22 01:31:28,-38.5473,-58.7368,77.85,38,0,18.95
240,Liepaja,LV,2021-01-22 01:39:27,56.5419,21.0367,37.4,87,75,12.66
241,Lisakovsk,KZ,2021-01-22 01:39:27,52.5369,62.4936,-3.86,91,100,9.06
242,Bethel,US,2021-01-22 01:30:15,41.3712,-73.414,30.99,80,90,3.31
243,Nanning,CN,2021-01-22 01:39:28,22.8167,108.3167,57.2,94,20,2.24
244,Hami,CN,2021-01-22 01:31:11,42.8,93.45,21.04,77,0,3.47
245,Praia Da Vitoria,PT,2021-01-22 01:39:28,38.7333,-27.0667,60.8,88,20,6.17
246,Margate,GB,2021-01-22 01:31:06,51.3813,1.3862,37.99,84,40,1.01
247,Sola,VU,2021-01-22 01:31:02,-13.8833,167.55,82.4,83,75,14.63
248,Lavrentiya,RU,2021-01-22 01:31:16,65.5833,-171.0,23.97,97,100,20.96
249,Beringovskiy,RU,2021-01-22 01:30:58,63.05,179.3167,-0.78,92,100,5.97
250,Sao Joao Da Barra,BR,2021-01-22 01:39:29,-21.6403,-41.0511,75.49,87,6,6.64
251,Maceio,BR,2021-01-22 01:39:29,-9.6658,-35.7353,73.4,94,40,1.14
252,Petropavlovsk-Kamchatskiy,RU,2021-01-22 01:30:02,53.0452,158.6483,10.4,61,14,6.71
253,Birjand,IR,2021-01-22 01:39:29,32.8663,59.2211,21.2,58,0,7.54
254,Sobolevo,RU,2021-01-22 01:39:29,54.4299,31.8996,26.35,98,94,9.89
255,Mehran,IR,2021-01-22 01:39:29,33.1222,46.1646,24.8,80,0,4.61
256,Bengkulu,ID,2021-01-22 01:31:20,-3.8004,102.2655,80.64,71,97,5.32
257,Surgut,RU,2021-01-22 01:39:29,61.25,73.4167,-20.2,69,40,8.95
258,Pemba,MZ,2021-01-22 01:39:30,-12.974,40.5178,78.8,94,90,10.36
259,Changji,CN,2021-01-22 01:39:30,44.0167,87.3167,5.0,85,20,2.24
260,Batagay,RU,2021-01-22 01:39:30,67.6333,134.6333,-30.44,82,100,2.04
261,Hirado,JP,2021-01-22 01:39:30,33.3597,129.5531,55.4,82,75,6.91
262,Tautira,PF,2021-01-22 01:31:40,-17.7333,-149.15,86.0,58,75,12.66
263,Maniitsoq,GL,2021-01-22 01:31:23,65.4167,-52.9,23.97,82,0,7.49
264,Kuusankoski,FI,2021-01-22 01:39:30,60.907,26.6244,17.6,93,90,12.66
265,Kavieng,PG,2021-01-22 01:31:13,-2.5744,150.7967,84.11,62,97,6.73
266,Kholm,RU,2021-01-22 01:39:31,59.2667,32.85,19.24,97,100,9.95
267,San Cristobal,VE,2021-01-22 01:39:31,7.7669,-72.225,77.0,88,40,4.61
268,Koson,UZ,2021-01-22 01:39:31,39.0375,65.585,24.8,93,90,11.5
269,Qazvin,IR,2021-01-22 01:39:31,36.2797,50.0049,19.4,73,0,2.3
270,Victoria,HK,2021-01-22 01:31:01,22.2855,114.1577,68.0,83,91,1.01
271,Teguise,ES,2021-01-22 01:39:31,29.0605,-13.564,62.6,88,20,3.44
272,Cayenne,GF,2021-01-22 01:39:32,4.9333,-52.3333,73.4,100,0,3.44
273,Kuvshinovo,RU,2021-01-22 01:39:32,57.0295,34.1725,31.19,99,100,8.05
274,Mayo,US,2021-01-22 01:32:06,38.8876,-76.5119,41.0,70,1,8.28
275,Turkmenabat,TM,2021-01-22 01:39:32,39.0733,63.5786,23.0,86,75,13.8
276,Pionerskiy,RU,2021-01-22 01:39:32,54.9508,20.2275,39.2,75,0,8.95
277,Asau,RO,2021-01-22 01:39:32,46.4333,26.4,33.01,68,100,5.06
278,Alofi,NU,2021-01-22 01:32:08,-19.0595,-169.9187,86.0,74,75,12.66
279,Port Blair,IN,2021-01-22 01:30:58,11.6667,92.75,77.38,61,6,7.36
280,Ouallam,NE,2021-01-22 01:39:33,14.3188,2.0866,64.35,25,0,10.92
281,Port Hardy,CA,2021-01-22 01:39:33,50.6996,-127.4199,37.4,81,20,3.44
282,Cairns,AU,2021-01-22 01:31:38,-16.9167,145.7667,88.0,70,75,13.8
283,Fort Nelson,CA,2021-01-22 01:39:33,58.8053,-122.7002,17.6,86,75,3.44
284,Maningrida,AU,2021-01-22 01:39:33,-12.0667,134.2667,83.68,76,100,11.23
285,Chipoka,MW,2021-01-22 01:39:34,-13.9933,34.5157,74.48,82,100,6.55
286,Caravelas,BR,2021-01-22 01:39:34,-17.7125,-39.2481,75.13,81,3,4.21
287,Ayame,CI,2021-01-22 01:39:34,5.6083,-3.1563,74.32,95,3,2.33
288,Meybod,IR,2021-01-22 01:39:34,32.2501,54.0166,32.0,43,0,9.22
289,Dolinsk,RU,2021-01-22 01:39:34,47.35,142.8,12.2,79,40,4.47
290,Saiha,IN,2021-01-22 01:39:34,22.4833,92.9667,56.8,83,1,2.64
291,Chicama,PE,2021-01-22 01:31:56,-7.8447,-79.1469,70.93,77,83,5.68
292,Severnyy,RU,2021-01-22 01:39:34,50.677,36.5532,24.8,100,90,11.18
293,Christchurch,NZ,2021-01-22 01:39:35,-43.5333,172.6333,68.0,59,91,16.11
294,Portland,US,2021-01-22 01:27:18,45.5234,-122.6762,45.0,70,75,6.91
295,Ilulissat,GL,2021-01-22 01:31:08,69.2167,-51.1,19.4,49,20,3.44
296,Ellensburg,US,2021-01-22 01:39:35,46.9965,-120.5479,35.6,80,90,2.3
297,Mount Gambier,AU,2021-01-22 01:31:08,-37.8333,140.7667,77.0,44,100,12.66
298,Omboue,GA,2021-01-22 01:31:17,-1.5746,9.2618,77.54,85,100,2.13
299,Yerbogachen,RU,2021-01-22 01:31:38,61.2767,108.0108,-46.28,77,59,4.21
300,Longyearbyen,SJ,2021-01-22 01:31:03,78.2186,15.6401,12.2,62,0,12.66
301,Mingoyo,TZ,2021-01-22 01:39:36,-10.1,39.6333,75.47,92,98,4.83
302,Bourail,NC,2021-01-22 01:39:36,-21.5667,165.4833,79.48,73,100,10.65
303,Ihosy,MG,2021-01-22 01:39:36,-22.4,46.1167,73.08,90,99,2.24
304,Jacareacanga,BR,2021-01-22 01:39:36,-6.2222,-57.7528,69.85,97,100,1.92
305,Yar-Sale,RU,2021-01-22 01:39:36,66.8333,70.8333,-35.97,83,100,8.03
306,Ayan,RU,2021-01-22 01:31:42,56.45,138.1667,-15.07,73,100,12.3
307,Kukmor,RU,2021-01-22 01:39:36,56.1855,50.8944,-2.07,93,55,6.55
308,Namatanai,PG,2021-01-22 01:31:49,-3.6667,152.4333,84.29,59,99,7.78
309,Diamantino,BR,2021-01-22 01:34:47,-14.4086,-56.4461,72.88,86,100,2.08
310,Zeya,RU,2021-01-22 01:39:37,53.75,127.2667,-15.75,79,0,1.83
311,Lorengau,PG,2021-01-22 01:31:00,-2.0226,147.2712,85.48,58,100,3.89
312,Monrovia,LR,2021-01-22 01:39:37,6.3005,-10.7969,78.51,86,94,6.26
313,Bintulu,MY,2021-01-22 01:39:38,3.1667,113.0333,80.6,89,20,2.3
314,Bastia,FR,2021-01-22 01:39:38,42.6667,9.3333,54.0,76,90,4.61
315,Moerai,PF,2021-01-22 01:31:26,-22.4333,-151.3333,81.84,76,0,15.01
316,Abbeville,FR,2021-01-22 01:31:47,50.1,1.8333,39.0,78,99,7.67
317,Kalengwa,ZM,2021-01-22 01:39:38,-13.4659,25.0027,62.19,99,100,2.68
318,Tual,ID,2021-01-22 01:31:03,-5.6667,132.75,83.91,72,57,3.76
319,Nantucket,US,2021-01-22 01:39:39,41.2835,-70.0995,39.2,81,90,10.36
320,Honiara,SB,2021-01-22 01:39:39,-9.4333,159.95,85.96,59,48,8.03
321,Chimbote,PE,2021-01-22 01:39:39,-9.0853,-78.5783,70.0,84,86,6.2
322,Dudinka,RU,2021-01-22 01:39:39,69.4058,86.1778,-44.81,78,11,2.53
323,Basco,PH,2021-01-22 01:39:39,20.4487,121.9702,75.49,95,100,15.75
324,San Andres,CO,2021-01-22 01:39:39,12.5847,-81.7006,80.6,74,20,14.97
325,Wanning,CN,2021-01-22 01:39:39,18.8003,110.3967,72.32,86,58,7.14
326,Sur,OM,2021-01-22 01:31:40,22.5667,59.5289,67.57,54,0,1.88
327,Vestmanna,FO,2021-01-22 01:39:40,62.1564,-7.1664,35.6,69,75,24.16
328,Lutkun,RU,2021-01-22 01:39:40,41.4808,47.6858,22.82,61,0,7.4
329,Olinda,BR,2021-01-22 01:34:59,-8.0089,-34.8553,78.8,69,40,10.36
330,Chabahar,IR,2021-01-22 01:39:40,25.2919,60.643,67.73,54,0,9.8
331,Morant Bay,JM,2021-01-22 01:39:40,17.8815,-76.4093,82.4,61,20,5.75
332,Kisangani,CD,2021-01-22 01:39:40,0.5167,25.2,71.44,77,41,1.59
333,Pelotas,BR,2021-01-22 01:39:40,-31.7719,-52.3425,72.0,79,90,1.99
334,Tutoia,BR,2021-01-22 01:39:41,-2.7619,-42.2744,78.04,87,100,11.14
335,Fare,PF,2021-01-22 01:31:21,-16.7,-151.0167,81.68,71,45,17.2
336,Talgram,IN,2021-01-22 01:39:41,27.05,79.65,49.03,53,0,2.51
337,Bindura,ZW,2021-01-22 01:39:41,-17.3019,31.3306,63.0,92,100,3.0
338,Smithers,CA,2021-01-22 01:39:41,54.7804,-127.1743,21.2,86,90,3.44
339,Karratha,AU,2021-01-22 01:39:41,-20.7377,116.8463,91.47,42,100,7.58
340,Watsa,CD,2021-01-22 01:39:41,3.0372,29.5355,67.23,41,90,1.43
341,Ahipara,NZ,2021-01-22 01:39:41,-35.1667,173.1667,67.26,56,20,10.25
342,Wicklow,IE,2021-01-22 01:39:42,53.0,-6.4167,36.0,93,20,11.5
343,Thompson,CA,2021-01-22 01:30:06,55.7435,-97.8558,-9.4,77,90,2.3
344,Merano,IT,2021-01-22 01:39:42,46.6682,11.1595,34.0,93,100,9.22
345,Batemans Bay,AU,2021-01-22 01:39:42,-35.7167,150.1833,87.01,66,51,3.0
346,Launceston,AU,2021-01-22 01:39:42,-41.45,147.1667,69.8,49,90,19.57
347,Nabire,ID,2021-01-22 01:39:42,-3.3667,135.4833,85.51,67,100,4.56
348,Kristiansund,NO,2021-01-22 01:39:42,63.1115,7.732,39.2,52,99,6.91
349,Nuuk,GL,2021-01-22 01:31:40,64.1835,-51.7216,24.8,86,20,6.91
350,Khani,GE,2021-01-22 01:31:17,41.9563,42.9566,32.0,80,0,8.05
351,Dingle,PH,2021-01-22 01:31:39,10.9995,122.6711,82.06,78,68,5.19
352,Mangrol,IN,2021-01-22 01:39:43,21.1167,70.1167,63.57,71,0,10.36
353,Sao Jose Da Coroa Grande,BR,2021-01-22 01:39:43,-8.8978,-35.1478,76.95,82,54,9.53
354,Poso,ID,2021-01-22 01:39:43,-1.3959,120.7524,85.64,63,22,1.92
355,Chenzhou,CN,2021-01-22 01:39:43,25.8,113.0333,53.31,82,100,3.02
356,Tarauaca,BR,2021-01-22 01:39:44,-8.1614,-70.7656,72.68,92,81,1.86
357,Oranjemund,NA,2021-01-22 01:32:04,-28.55,16.4333,67.35,74,57,8.12
358,Takoradi,GH,2021-01-22 01:39:44,4.8845,-1.7554,78.49,86,100,6.24
359,Wasilla,US,2021-01-22 01:39:44,61.5814,-149.4394,35.01,69,90,10.36
360,Denpasar,ID,2021-01-22 01:31:06,-8.65,115.2167,84.06,66,93,7.11
361,At-Bashi,KG,2021-01-22 01:39:44,41.1702,75.8106,17.89,76,94,5.37
362,Cine,TR,2021-01-22 01:39:44,37.6117,28.0614,39.2,100,75,2.3
363,Evensk,RU,2021-01-22 01:32:08,61.95,159.2333,-3.42,82,98,1.05
364,Imeni Babushkina,RU,2021-01-22 01:39:45,59.7573,43.1285,-14.3,88,100,2.95
365,Sorland,NO,2021-01-22 01:32:07,67.667,12.6934,24.22,93,100,40.67
366,Conceicao Das Alagoas,BR,2021-01-22 01:39:45,-19.9147,-48.3883,80.6,47,0,6.91
367,Atar,MR,2021-01-22 01:39:45,20.5169,-13.0499,62.92,24,81,10.94
368,Huangmei,CN,2021-01-22 01:39:45,30.1924,116.025,51.58,85,100,1.83
369,Prince Rupert,CA,2021-01-22 01:30:57,54.3161,-130.3201,37.4,86,40,4.61
370,Batagay-Alyta,RU,2021-01-22 01:39:46,67.8006,130.4114,-25.64,84,100,1.77
371,Rocha,UY,2021-01-22 01:31:23,-34.4833,-54.3333,64.35,93,0,6.69
372,Lubango,AO,2021-01-22 01:39:47,-14.9172,13.4925,57.65,51,99,2.73
373,Pyapon,MM,2021-01-22 01:39:47,16.2833,95.6833,73.2,67,26,9.46
374,Dalbandin,PK,2021-01-22 01:39:47,28.8947,64.4101,54.05,40,0,12.06
375,Klyuchi,RU,2021-01-22 01:39:47,52.2667,79.1667,3.92,94,100,8.37
376,Ixtapa,MX,2021-01-22 01:31:25,20.7,-105.2,73.99,83,20,4.61
377,Pont-Sainte-Maxence,FR,2021-01-22 01:39:47,49.3017,2.6047,42.8,87,75,11.5
378,Seddon,AU,2021-01-22 01:39:47,-37.8068,144.8916,82.99,38,99,6.91
379,Mantua,IT,2021-01-22 01:39:48,45.1667,10.7833,39.0,98,100,5.01
380,Pozo Colorado,PY,2021-01-22 01:39:48,-23.4923,-58.7972,77.5,78,0,4.85
381,Marrakesh,MA,2021-01-22 01:39:48,31.6315,-8.0083,51.8,87,0,2.3
382,Barranquilla,CO,2021-01-22 01:37:35,10.9639,-74.7964,78.8,73,0,10.36
383,Samarai,PG,2021-01-22 01:31:54,-10.6167,150.6667,85.59,70,94,5.19
384,Kieta,PG,2021-01-22 01:39:48,-6.2167,155.6333,85.91,55,89,9.37
385,Elko,US,2021-01-22 01:37:01,41.0002,-115.5012,41.0,45,75,3.44
386,Aklavik,CA,2021-01-22 01:31:43,68.2191,-135.0107,-11.2,84,90,2.3
387,Berlevag,NO,2021-01-22 01:31:57,70.8578,29.0864,22.77,92,100,23.96
388,Esterhazy,CA,2021-01-22 01:35:44,50.65,-102.0843,8.6,78,39,4.61
389,Bure,ET,2021-01-22 01:39:49,10.7,37.0667,59.43,63,97,2.8
390,Abu Samrah,SY,2021-01-22 01:39:49,35.3029,37.1841,38.91,69,0,6.85
391,Oudtshoorn,ZA,2021-01-22 01:39:49,-33.5907,22.2014,66.2,94,75,3.44
392,Guaratinga,BR,2021-01-22 01:39:49,-16.5667,-39.5667,78.8,69,20,6.91
393,Ornskoldsvik,SE,2021-01-22 01:39:49,63.2909,18.7153,24.8,100,90,5.75
394,Susanville,US,2021-01-22 01:39:49,40.4163,-120.653,48.2,29,75,5.75
395,Green River,US,2021-01-22 01:39:50,41.5286,-109.4662,30.2,80,90,4.14
396,Guerrero Negro,MX,2021-01-22 01:31:25,27.9769,-114.0611,61.21,65,0,6.76
397,Raudeberg,NO,2021-01-22 01:39:50,61.9875,5.1352,39.99,81,97,6.11
398,Westport,US,2021-01-22 01:35:51,41.1415,-73.3579,33.01,64,1,5.99
399,Palmas Bellas,PA,2021-01-22 01:39:50,9.2319,-80.0867,79.0,81,48,13.0
400,Salinas,US,2021-01-22 01:32:09,36.6777,-121.6555,53.6,71,1,10.36
401,Egvekinot,RU,2021-01-22 01:39:51,66.3167,-179.1667,-11.85,92,100,16.71
402,Myanaung,MM,2021-01-22 01:39:51,18.2833,95.3167,70.88,63,0,6.96
403,Banda Aceh,ID,2021-01-22 01:39:51,5.5577,95.3222,78.94,71,51,5.7
404,Sosnovoborsk,RU,2021-01-22 01:37:07,56.1325,93.3589,-5.8,84,40,3.27
405,Qui Nhon,VN,2021-01-22 01:39:51,13.7667,109.2333,73.27,81,91,8.75
406,Pangnirtung,CA,2021-01-22 01:30:52,66.1451,-65.7125,24.64,79,100,7.56
407,Dakar,SN,2021-01-22 01:39:51,14.6937,-17.4441,66.2,77,59,9.22
408,Havre-Saint-Pierre,CA,2021-01-22 01:30:53,50.2334,-63.5986,-2.2,78,75,4.61
409,Bangkalan,ID,2021-01-22 01:39:52,-7.0455,112.7351,82.26,77,99,9.24
410,Manaure,CO,2021-01-22 01:39:52,11.7751,-72.4445,77.67,79,0,15.55
411,Kunri,PK,2021-01-22 01:39:52,25.1785,69.5691,60.44,94,0,9.55
412,Simplicio Mendes,BR,2021-01-22 01:39:52,-7.8539,-41.9103,73.38,81,100,0.94
413,Orange Cove,US,2021-01-22 01:39:52,36.6244,-119.3137,63.0,27,1,3.44
414,Caramay,PH,2021-01-22 01:39:52,10.1815,119.236,79.68,85,94,8.5
415,Brunico,IT,2021-01-22 01:39:52,46.7958,11.9364,32.0,96,100,2.19
416,Arraial Do Cabo,BR,2021-01-22 01:30:53,-22.9661,-42.0278,77.0,88,0,11.5
417,Rockhampton,AU,2021-01-22 01:39:53,-23.3833,150.5,86.0,39,40,10.36
418,Poum,NC,2021-01-22 01:39:53,-20.2333,164.0167,79.5,74,100,11.74
419,Waynesville,US,2021-01-22 01:39:53,35.4887,-82.9887,36.0,96,100,2.89
420,Doka,SD,2021-01-22 01:39:53,13.5167,35.7667,66.0,73,71,10.4
421,Penzance,GB,2021-01-22 01:31:02,50.1186,-5.5371,42.01,81,0,8.05
422,Nieuw Amsterdam,SR,2021-01-22 01:39:53,5.8833,-55.0833,77.0,88,40,2.3
423,Cherskiy,RU,2021-01-22 01:31:21,68.75,161.3,-39.84,81,17,2.08
424,Iquique,CL,2021-01-22 01:31:43,-20.2208,-70.1431,69.8,68,0,16.11
425,Souillac,MU,2021-01-22 01:31:53,-20.5167,57.5167,78.8,78,40,5.75
426,Verkhnevilyuysk,RU,2021-01-22 01:31:44,63.4453,120.3167,-51.72,76,100,1.39
427,Beyneu,KZ,2021-01-22 01:39:54,45.3167,55.2,13.44,91,100,11.32
428,Ishigaki,JP,2021-01-22 01:39:54,24.3448,124.1572,73.4,94,75,13.8
429,Camacha,PT,2021-01-22 01:32:00,33.0833,-16.3333,64.4,94,75,10.36
430,Balykshi,KZ,2021-01-22 01:39:54,47.0667,51.8667,8.6,85,40,6.71
431,Barcelos,PT,2021-01-22 01:26:26,41.5388,-8.6151,57.2,72,40,17.27
432,Black Forest,US,2021-01-22 01:39:55,39.0131,-104.7008,36.0,47,40,9.22
433,Saraland,US,2021-01-22 01:39:55,30.8207,-88.0706,64.0,92,100,1.01
434,Kuvandyk,RU,2021-01-22 01:39:55,51.4781,57.3552,-7.83,90,100,4.61
435,Mnogovershinnyy,RU,2021-01-22 01:31:41,53.9353,139.9242,-11.31,89,100,6.22
436,Harper,LR,2021-01-22 01:39:55,4.375,-7.7169,77.95,87,20,8.23
437,Ulladulla,AU,2021-01-22 01:39:55,-35.35,150.4667,91.4,25,0,6.91
438,Tagusao,PH,2021-01-22 01:39:56,9.1924,117.8141,80.8,77,93,2.15
439,Severo-Yeniseyskiy,RU,2021-01-22 01:39:56,60.3725,93.0408,-25.62,87,100,4.21
440,Viedma,AR,2021-01-22 01:39:56,-40.8135,-62.9967,91.0,28,0,4.0
441,Atambua,ID,2021-01-22 01:39:56,-9.1061,124.8925,81.79,71,63,5.53
442,Yaan,NG,2021-01-22 01:32:03,7.3833,8.5667,71.85,22,96,4.07
443,Kupino,RU,2021-01-22 01:39:56,54.3663,77.2981,-16.53,89,0,8.66
444,Leshukonskoye,RU,2021-01-22 01:39:56,64.8989,45.7622,-18.63,87,0,3.94
445,Kathmandu,NP,2021-01-22 01:39:57,27.7167,85.3167,41.0,87,20,2.3
446,Iracoubo,GF,2021-01-22 01:39:57,5.4802,-53.2011,75.56,92,99,13.38
447,Mezhgorye,UA,2021-01-22 01:39:57,44.9667,34.4167,36.16,89,10,7.72
448,Kayasula,RU,2021-01-22 01:39:57,44.325,45.0,27.55,89,70,8.1
449,Rypefjord,NO,2021-01-22 01:39:57,70.6333,23.6667,14.0,67,0,13.8
450,Usman,RU,2021-01-22 01:39:57,52.0466,39.7288,26.6,93,90,11.18
451,Panaba,MX,2021-01-22 01:39:58,21.2833,-88.2667,67.73,86,0,8.9
452,Bodden Town,KY,2021-01-22 01:32:08,19.2833,-81.25,77.0,83,20,17.27
453,Nizhniy Tsasuchey,RU,2021-01-22 01:39:58,50.5167,115.1333,4.39,86,93,6.69
454,Pilar,BR,2021-01-22 01:39:34,-9.5972,-35.9567,73.4,94,40,1.14
455,Lansing,US,2021-01-22 01:39:58,42.7325,-84.5555,35.6,64,90,12.66
456,Erzin,TR,2021-01-22 01:39:58,36.9559,36.2,32.0,100,0,4.61
457,Marawi,PH,2021-01-22 01:31:54,7.9986,124.2928,82.0,82,74,4.0
458,West Wendover,US,2021-01-22 01:39:59,40.7391,-114.0733,33.8,44,75,1.12
459,Chuy,UY,2021-01-22 01:31:07,-33.6971,-53.4616,67.91,82,0,9.53
460,Tuy Hoa,VN,2021-01-22 01:39:59,13.0833,109.3,74.95,78,93,5.99
461,Kortkeros,RU,2021-01-22 01:39:59,61.8106,51.5806,-7.6,84,75,6.71
462,Sorong,ID,2021-01-22 01:39:59,-0.8833,131.25,84.81,71,97,4.5
463,Tecolutla,MX,2021-01-22 01:39:59,20.4833,-97.0167,75.2,78,40,6.91
464,Hay River,CA,2021-01-22 01:35:14,60.8156,-115.7999,-2.2,78,100,1.14
465,Zhanakorgan,KZ,2021-01-22 01:40:00,43.9098,67.2495,12.69,91,100,16.46
466,Broome,US,2021-01-22 01:32:04,42.2506,-75.833,32.0,64,90,4.61
467,Boende,CD,2021-01-22 01:32:04,-0.2167,20.8667,73.09,74,90,1.14
468,Katsuura,JP,2021-01-22 01:31:35,35.1333,140.3,53.01,53,0,3.44
469,Kruisfontein,ZA,2021-01-22 01:40:00,-34.0033,24.7314,69.01,94,100,1.01
470,Mahon,ES,2021-01-22 01:40:00,39.8885,4.2658,57.2,82,0,11.5
471,Kirakira,SB,2021-01-22 01:31:27,-10.4544,161.9205,84.99,67,99,11.39
472,Ipixuna,BR,2021-01-22 01:40:01,-1.7625,-48.8043,73.4,100,75,3.44
473,Ternate,ID,2021-01-22 01:35:36,0.8,127.4,83.41,73,67,2.73
474,Los Llanos De Aridane,ES,2021-01-22 01:31:27,28.6585,-17.9182,68.0,73,90,1.14
475,Bucerias,MX,2021-01-22 01:40:01,20.75,-105.3333,73.99,83,20,4.61
476,Anloga,GH,2021-01-22 01:40:01,5.7947,0.8973,80.6,89,20,4.61
477,Burnie,AU,2021-01-22 01:31:38,-41.0667,145.9167,71.01,44,56,13.0
478,Rahuri,IN,2021-01-22 01:40:01,19.3833,74.65,62.92,44,0,1.59
479,Aswan,EG,2021-01-22 01:31:46,24.0934,32.907,50.56,74,0,12.15
480,Hobyo,SO,2021-01-22 01:31:27,5.3505,48.5268,78.26,83,76,19.26
481,Conner,PH,2021-01-22 01:40:03,17.7964,121.3275,80.35,81,53,1.92
482,Ilanskiy,RU,2021-01-22 01:40:04,56.2358,96.065,-2.47,92,100,4.07
483,Canguaretama,BR,2021-01-22 01:40:04,-6.38,-35.1289,78.8,78,20,9.22
484,Okhotsk,RU,2021-01-22 01:40:04,59.3833,143.3,-9.54,84,99,12.82
485,Ola,RU,2021-01-22 01:40:04,59.5833,151.2833,-4.14,77,88,5.5
486,Tabuk,PH,2021-01-22 01:40:04,17.4189,121.4443,79.74,80,49,4.43
487,Coquimbo,CL,2021-01-22 01:32:12,-29.9533,-71.3436,60.8,82,75,12.66
488,Sistranda,NO,2021-01-22 01:40:05,63.7256,8.834,41.0,56,20,27.63
489,Balkhash,KZ,2021-01-22 01:40:05,46.844,74.9804,19.4,93,0,4.47
490,Alice Springs,AU,2021-01-22 01:40:05,-23.7,133.8833,96.8,9,0,16.11
491,Pangai,TO,2021-01-22 01:40:05,-19.8,-174.35,82.4,83,90,5.75
492,Sept-Iles,CA,2021-01-22 01:39:12,50.2001,-66.3821,8.6,66,100,4.61
493,Taoudenni,ML,2021-01-22 01:35:21,22.6783,-3.9836,61.61,26,1,11.5
494,Tobermory,CA,2021-01-22 01:40:06,45.2501,-81.6665,33.8,93,99,13.8
495,Kongwa,TZ,2021-01-22 01:40:06,-6.2,36.4167,64.53,91,100,2.44
496,Xalpatlahuac,MX,2021-01-22 01:40:06,17.4667,-98.6167,62.13,53,0,3.56
497,Panzhihua,CN,2021-01-22 01:31:14,26.5851,101.7128,47.64,72,100,3.87
498,Weihai,CN,2021-01-22 01:40:06,37.5017,122.1136,36.97,81,100,9.73
499,Suluq,LY,2021-01-22 01:40:06,31.6682,20.2521,48.92,57,100,8.41
500,Ugoofaaru,MV,2021-01-22 01:40:07,5.6667,73.0,81.91,65,83,2.64
501,Kaeo,NZ,2021-01-22 01:31:34,-35.1,173.7833,70.77,51,83,5.39
502,Kalmunai,LK,2021-01-22 01:26:06,7.4167,81.8167,76.73,84,88,1.79
503,Bathsheba,BB,2021-01-22 01:31:10,13.2167,-59.5167,78.8,73,20,14.97
504,Megion,RU,2021-01-22 01:40:07,61.0296,76.1136,-20.2,76,0,11.18
505,Cabo San Lucas,MX,2021-01-22 01:31:19,22.8909,-109.9124,72.0,83,75,5.75
506,Pevek,RU,2021-01-22 01:30:59,69.7008,170.3133,-18.26,86,100,2.33
507,Huron,US,2021-01-22 01:40:07,41.1501,-82.5499,39.2,56,1,17.27
508,Ericeira,PT,2021-01-22 01:40:07,38.9627,-9.4156,59.0,96,63,17.0
509,Acapulco,MX,2021-01-22 01:29:35,16.8634,-99.8901,80.6,83,1,3.44
510,Naze,JP,2021-01-22 01:40:08,28.3667,129.4833,68.0,88,75,11.5
511,Montepuez,MZ,2021-01-22 01:40:08,-13.1256,38.9997,70.79,96,100,6.17
512,Sawakin,SD,2021-01-22 01:40:08,19.1059,37.3321,70.45,65,88,14.74
513,Udachnyy,RU,2021-01-22 01:40:08,66.4167,112.4,-56.87,53,64,3.09
514,Maku,IR,2021-01-22 01:40:09,39.2911,44.4521,18.95,67,0,2.15
515,Murray Bridge,AU,2021-01-22 01:39:45,-35.1167,139.2667,88.0,15,49,11.7
516,Leh,IN,2021-01-22 01:40:09,34.1667,77.5833,12.45,57,100,2.91
517,Guanica,PR,2021-01-22 01:40:09,17.9716,-66.908,73.0,92,73,3.78
518,Noumea,NC,2021-01-22 01:31:31,-22.2763,166.4572,84.0,65,0,13.8
519,Obihiro,JP,2021-01-22 01:40:09,42.9172,143.2044,32.0,64,20,2.3
520,Makakilo City,US,2021-01-22 01:40:09,21.3469,-158.0858,82.4,51,40,10.36
521,Irbeyskoye,RU,2021-01-22 01:40:09,55.6428,95.4522,4.28,93,100,2.75
522,Chiredzi,ZW,2021-01-22 01:40:09,-21.05,31.6667,67.06,98,51,5.61
523,La Orilla,MX,2021-01-22 01:40:10,17.9833,-102.2333,77.16,73,0,3.78
524,Rafaela,AR,2021-01-22 01:40:10,-31.2503,-61.4867,81.0,43,0,1.01
525,Yumen,CN,2021-01-22 01:31:35,40.2833,97.2,22.6,71,0,2.37
526,Muros,ES,2021-01-22 01:31:07,42.7762,-9.0603,52.0,80,100,14.0
527,Touros,BR,2021-01-22 01:31:28,-5.1989,-35.4608,77.0,83,20,4.61
528,Kremenki,RU,2021-01-22 01:40:10,54.885,37.1261,24.8,100,100,4.47
529,Neryungri,RU,2021-01-22 01:40:10,56.6709,124.6491,-26.43,82,1,0.96
530,Gushikawa,JP,2021-01-22 01:32:13,26.3544,127.8686,68.0,94,75,16.11
531,Camocim,BR,2021-01-22 01:35:14,-2.9022,-40.8411,77.34,86,100,10.69
532,Volksrust,ZA,2021-01-22 01:40:11,-27.3654,29.8818,55.72,95,40,2.46
533,Juayua,SV,2021-01-22 01:40:11,13.8414,-89.7456,64.96,81,0,4.83
534,Dzaoudzi,YT,2021-01-22 01:35:45,-12.7887,45.2699,80.6,83,20,8.05
535,Tiarei,PF,2021-01-22 01:40:11,-17.5333,-149.3333,86.0,58,75,9.22
536,Gazanjyk,TM,2021-01-22 01:35:19,39.2446,55.5154,26.37,93,0,5.97
537,Thinadhoo,MV,2021-01-22 01:30:55,0.5333,72.9333,82.49,72,100,8.3
538,Bulgan,MN,2021-01-22 01:40:12,48.8125,103.5347,13.41,84,17,2.26
539,Pacific Grove,US,2021-01-22 01:35:42,36.6177,-121.9166,52.0,82,1,4.61
540,Chihuahua,MX,2021-01-22 01:38:27,28.5,-106.0,51.8,93,90,19.57
541,Lodja,CD,2021-01-22 01:40:12,-3.4833,23.4333,69.13,91,100,1.77
542,Normandin,CA,2021-01-22 01:40:12,48.8333,-72.5321,8.6,85,100,5.75
543,Walvis Bay,NA,2021-01-22 01:40:13,-22.9575,14.5053,70.0,83,100,4.61
544,Lekoni,GA,2021-01-22 01:40:13,-1.5843,14.2591,73.96,82,0,4.25
545,Srednekolymsk,RU,2021-01-22 01:40:13,67.45,153.6833,-40.58,80,26,3.33
546,Isla Vista,US,2021-01-22 01:36:49,34.4133,-119.861,59.0,77,1,4.61
547,Kodinsk,RU,2021-01-22 01:31:53,58.6881,99.1844,-17.84,86,100,3.62
548,Neiafu,TO,2021-01-22 01:40:13,-18.65,-173.9833,80.6,89,75,5.75
549,Tommot,RU,2021-01-22 01:40:13,58.9564,126.2925,-29.79,81,100,0.65
550,Totton,GB,2021-01-22 01:40:13,50.9188,-1.4904,35.01,98,0,7.47
551,Chervishevo,RU,2021-01-22 01:40:14,56.9464,65.4278,-14.8,76,0,4.47
552,Martapura,ID,2021-01-22 01:40:14,-3.4167,114.85,83.17,76,100,5.5
553,Padang,ID,2021-01-22 01:31:15,-0.9492,100.3543,82.9,60,100,1.28
554,Guarapari,BR,2021-01-22 01:40:14,-20.6667,-40.4975,77.0,88,40,3.44
555,Comodoro Rivadavia,AR,2021-01-22 01:30:02,-45.8667,-67.5,80.6,32,0,16.11
556,Abha,SA,2021-01-22 01:39:47,18.2164,42.5053,50.0,40,0,5.48
557,Kimbe,PG,2021-01-22 01:35:38,-5.5502,150.1429,87.21,58,94,7.45
558,Pangody,RU,2021-01-22 01:40:15,65.85,74.4859,-40.31,80,0,10.16
559,Lasa,IT,2021-01-22 01:31:49,46.6166,10.7002,34.0,100,90,5.75
560,Hambantota,LK,2021-01-22 01:31:55,6.1241,81.1185,77.14,85,43,11.81
561,Kichera,RU,2021-01-22 01:40:15,55.9375,110.0997,-5.75,84,100,2.93
562,La Sarre,CA,2021-01-22 01:29:45,48.8002,-79.1996,14.09,96,96,7.36
563,Coahuayana,MX,2021-01-22 01:31:44,18.7333,-103.6833,80.6,57,20,9.22
564,Urengoy,RU,2021-01-22 01:40:16,65.9667,78.3667,-42.05,80,27,8.75
565,Mbuji-Mayi,CD,2021-01-22 01:40:16,-6.15,23.6,70.07,92,100,0.74
566,Dedougou,BF,2021-01-22 01:40:16,12.4667,-3.4667,67.75,22,0,8.86
567,Christiansburg,US,2021-01-22 01:39:18,37.1298,-80.4089,33.8,86,1,7.2
568,Perth,AU,2021-01-22 01:36:53,-31.9333,115.8333,84.99,44,0,16.11
569,Bud,US,2021-01-22 01:40:16,39.447,-86.1758,41.0,45,1,8.05
570,Urucara,BR,2021-01-22 01:31:39,-2.5364,-57.76,72.36,98,93,1.5
571,Celestun,MX,2021-01-22 01:31:57,20.8667,-90.4,71.15,86,0,13.35
572,Peniche,PT,2021-01-22 01:40:17,39.3558,-9.3811,59.0,82,78,21.99
573,Port Hedland,AU,2021-01-22 01:40:17,-20.3167,118.5667,87.8,48,90,16.11
574,Partur,IN,2021-01-22 01:40:17,19.6,76.2167,63.23,38,0,1.68
575,Olenino,RU,2021-01-22 01:40:17,56.2092,33.4889,32.05,98,100,9.84
576,Awbari,LY,2021-01-22 01:40:17,26.5921,12.7805,45.34,54,0,6.53
577,Nouadhibou,MR,2021-01-22 01:40:18,20.931,-17.0347,64.4,55,100,14.97
578,Saint-Vallier,FR,2021-01-22 01:40:18,46.6411,4.3711,51.01,71,98,12.66
579,Dunedin,NZ,2021-01-22 01:40:18,-45.8742,170.5036,59.29,66,99,8.16
580,Ferrol,ES,2021-01-22 01:40:18,43.4832,-8.2369,51.01,87,75,9.22
581,Osakarovka,KZ,2021-01-22 01:40:18,50.565,72.5692,-11.22,90,100,6.26
582,Palana,RU,2021-01-22 01:40:18,59.1167,159.9667,-9.92,91,78,0.72
583,Husavik,IS,2021-01-22 01:32:01,66.0449,-17.3389,26.6,93,90,16.11
584,Krasnoselkup,RU,2021-01-22 01:31:53,65.7,82.4667,-44.16,78,37,9.73
585,Medea,DZ,2021-01-22 01:40:19,36.2642,2.7539,57.2,62,75,5.75
586,Gimli,CA,2021-01-22 01:38:23,50.6336,-96.9907,-2.2,71,10,4.61
587,Ravenna,IT,2021-01-22 01:37:24,44.4167,11.9833,53.01,87,75,3.44
588,San Juan,AR,2021-01-22 01:40:19,-31.5375,-68.5364,86.34,19,1,17.36
589,Halifax,CA,2021-01-22 01:40:01,44.6453,-63.5724,23.0,63,40,3.44
590,Jequitinhonha,BR,2021-01-22 01:40:20,-16.4339,-41.0033,68.76,87,51,3.2
591,Vila,PT,2021-01-22 01:32:02,42.0304,-8.1588,46.99,94,100,25.01
592,Humaita,BR,2021-01-22 01:40:20,-7.5061,-63.0208,71.64,98,100,1.81
593,Klamath Falls,US,2021-01-22 01:40:20,42.2249,-121.7817,42.8,52,75,3.44
594,Aller,ES,2021-01-22 01:40:20,43.1187,-5.5839,50.0,90,100,8.01
595,Natal,BR,2021-01-22 01:40:03,-5.795,-35.2094,78.8,78,20,9.22
596,Bairiki,KI,2021-01-22 01:40:20,1.3292,172.9752,75.2,100,90,6.91
597,Goba,ET,2021-01-22 01:40:20,7.0167,39.9833,48.6,67,67,2.89
